Model Name,Category
11pro_SL_TRX_FG,Athletic Sneakers & Trainers
adistar_boost_m,Athletic Sneakers & Trainers
adizero_5Tool_25,Athletic Sneakers & Trainers
adizero_F50_TRX_FG_LEA,Athletic Sneakers & Trainers
Adrenaline_GTS_13_Color_DrkDenimWhtBachlorBttnSlvr_Size_50_yfK40TNjq0V,Athletic Sneakers & Trainers
Adrenaline_GTS_13_Color_WhtObsdianBlckOlmpcSlvr_Size_70,Athletic Sneakers & Trainers
ASICS_GEL1140V_WhiteBlackSilver,Athletic Sneakers & Trainers
ASICS_GEL1140V_WhiteRoyalSilver,Athletic Sneakers & Trainers
ASICS_GELAce_Pro_Pearl_WhitePink,Athletic Sneakers & Trainers
ASICS_GELBlur33_20_GS_BlackWhiteSafety_Orange,Athletic Sneakers & Trainers
ASICS_GELBlur33_20_GS_Flash_YellowHot_PunchSilver,Athletic Sneakers & Trainers
ASICS_GELChallenger_9_Royal_BlueWhiteBlack,Athletic Sneakers & Trainers
ASICS_GELDirt_Dog_4_SunFlameBlack,Athletic Sneakers & Trainers
ASICS_GELLinksmaster_WhiteCoffeeSand,Athletic Sneakers & Trainers
ASICS_GELLinksmaster_WhiteRasberryGunmetal,Athletic Sneakers & Trainers
ASICS_GELLinksmaster_WhiteSilverCarolina_Blue,Athletic Sneakers & Trainers
ASICS_GELResolution_5_Flash_YellowBlackSilver,Athletic Sneakers & Trainers
ASICS_GELTour_Lyte_WhiteOrchidSilver,Athletic Sneakers & Trainers
ASICS_HyperRocketgirl_SP_5_WhiteMalibu_BlueBlack,Athletic Sneakers & Trainers
Cascadia_8_Color_AquariusHibscsBearingSeaBlk_Size_50,Athletic Sneakers & Trainers
ClimaCool_Aerate_2_W_Wide,Athletic Sneakers & Trainers
CLIMACOOL_BOAT_BREEZE_IE6CyqSaDwN,Athletic Sneakers & Trainers
Court_Attitude,Athletic Sneakers & Trainers
Crazy_8,Athletic Sneakers & Trainers
Crazy_Shadow_2,Athletic Sneakers & Trainers
Crazy_Shadow_2_oW4Jd10HFFr,Athletic Sneakers & Trainers
DRAGON_W,Athletic Sneakers & Trainers
D_ROSE_45,Athletic Sneakers & Trainers
D_ROSE_773_II_hvInJwJ5HUD,Athletic Sneakers & Trainers
D_ROSE_773_II_Kqclsph05pE,Athletic Sneakers & Trainers
D_ROSE_ENGLEWOOD_II,Athletic Sneakers & Trainers
F10_TRX_FG_ssscuo9tGxb,Athletic Sneakers & Trainers
F10_TRX_TF_rH7tmKCdUJq,Athletic Sneakers & Trainers
F5_TRX_FG,Athletic Sneakers & Trainers
FYW_ALTERNATION,Athletic Sneakers & Trainers
FYW_DIVISION,Athletic Sneakers & Trainers
Ghost_6_Color_BlckWhtLavaSlvrCitrus_Size_80,Athletic Sneakers & Trainers
Ghost_6_Color_MdngtDenmPomBrtePnkSlvBlk_Size_50,Athletic Sneakers & Trainers
Ghost_6_GTX_Color_AnthBlckSlvrFernSulphSprng_Size_80,Athletic Sneakers & Trainers
Glycerin_11_Color_AqrsDrsdnBluBlkSlvShckOrng_Size_50,Athletic Sneakers & Trainers
Glycerin_11_Color_BrllntBluSkydvrSlvrBlckWht_Size_80,Athletic Sneakers & Trainers
Grand_Prix,Athletic Sneakers & Trainers
LEUCIPPUS_ADIPURE,Athletic Sneakers & Trainers
Mens_ASV_Shock_Light_Bungee_in_Light_Grey_xGCOvtLDnQJ,Athletic Sneakers & Trainers
Mens_Striper_Sneaker_in_White_rnp8HUli59Y,Athletic Sneakers & Trainers
PHEEHAN_RUN,Athletic Sneakers & Trainers
Predator_LZ_TRX_FG,Athletic Sneakers & Trainers
Predito_LZ_TRX_FG_W,Athletic Sneakers & Trainers
PureCadence_2_Color_HiRskRedNghtlfeSlvrBlckWht_Size_70,Athletic Sneakers & Trainers
PureCadence_2_Color_TleBluLmePnchSlvMoodIndgWh_Size_50_EEzAfcBfHHO,Athletic Sneakers & Trainers
PureConnect_2_Color_AnthrcteKnckoutPnkGrnGecko_Size_50,Athletic Sneakers & Trainers
PureConnect_2_Color_BlckBrllntBluNghtlfeAnthrct_Size_70,Athletic Sneakers & Trainers
PureConnect_2_Color_FernNightlifeSilverBlack_Size_70_5w0BYsiogeV,Athletic Sneakers & Trainers
PureFlow_2_Color_RylPurHibiscusBlkSlvrWht_Size_50,Athletic Sneakers & Trainers
Ravenna_4_Color_WhtOlyBluBlkShkOrngSlvRdO_Size_70,Athletic Sneakers & Trainers
Real_Deal_1nIwCHX1MTh,Athletic Sneakers & Trainers
Reebok_ALLYLYNN,Athletic Sneakers & Trainers
Reebok_BREAKPOINT_LO_2V,Athletic Sneakers & Trainers
Reebok_BREAKPOINT_MID,Athletic Sneakers & Trainers
Reebok_CLASSIC_JOGGER,Athletic Sneakers & Trainers
Reebok_CL_LTHR_R12,Athletic Sneakers & Trainers
Reebok_CL_RAYEN,Athletic Sneakers & Trainers
Reebok_DMX_MAX_MANIA_WD_D,Athletic Sneakers & Trainers
Reebok_DMX_MAX_PLUS_ATHLETIC,Athletic Sneakers & Trainers
Reebok_DMX_MAX_PLUS_RAINWALKER,Athletic Sneakers & Trainers
Reebok_EASYTONE_CL_LEATHER,Athletic Sneakers & Trainers
Reebok_FS_HI_INT_R12,Athletic Sneakers & Trainers
Reebok_FS_HI_MINI,Athletic Sneakers & Trainers
Reebok_FUELTRAIN,Athletic Sneakers & Trainers
Reebok_GL_6000,Athletic Sneakers & Trainers
Reebok_HIMARA_LTR,Athletic Sneakers & Trainers
Reebok_JR_ZIG_COOPERSTOWN_MR,Athletic Sneakers & Trainers
Reebok_KAMIKAZE_II_MID,Athletic Sneakers & Trainers
Reebok_PUMP_OMNI_LITE_HLS,Athletic Sneakers & Trainers
Reebok_R_CROSSFIT_OLY_UFORM,Athletic Sneakers & Trainers
Reebok_R_DANCE_FLASH,Athletic Sneakers & Trainers
Reebok_REALFLEX_SELECT,Athletic Sneakers & Trainers
Reebok_REESCULPT_TRAINER_II,Athletic Sneakers & Trainers
Reebok_RETRO_RUSH_2V,Athletic Sneakers & Trainers
Reebok_SH_COURT_MID_II,Athletic Sneakers & Trainers
Reebok_SH_NEWPORT_LOW,Athletic Sneakers & Trainers
Reebok_SH_PRIME_COURT_LOW,Athletic Sneakers & Trainers
Reebok_SH_PRIME_COURT_MID,Athletic Sneakers & Trainers
Reebok_SL_FLIP_UPDATE,Athletic Sneakers & Trainers
Reebok_SMOOTHFLEX_CUSHRUN_20,Athletic Sneakers & Trainers
Reebok_SOMERSET_RUN,Athletic Sneakers & Trainers
Reebok_STUDIO_BEAT_LOW_V,Athletic Sneakers & Trainers
Reebok_TRIPLE_BREAK_LITE,Athletic Sneakers & Trainers
Reebok_TURBO_RC,Athletic Sneakers & Trainers
Reebok_ULTIMATIC_2V,Athletic Sneakers & Trainers
Reebok_VERSA_TRAIN,Athletic Sneakers & Trainers
Reebok_ZIGCOOPERSTOWN_QUAG,Athletic Sneakers & Trainers
Reebok_ZIGLITE_RUSH,Athletic Sneakers & Trainers
Reebok_ZIGLITE_RUSH_AC,Athletic Sneakers & Trainers
Reebok_ZIGSTORM,Athletic Sneakers & Trainers
Reebok_ZIGTECH_SHARK_MAYHEM360,Athletic Sneakers & Trainers
SLACK_CRUISER,Athletic Sneakers & Trainers
SUPERSTAR_CLR,Athletic Sneakers & Trainers
TERREX_FAST_R,Athletic Sneakers & Trainers
TERREX_FAST_X_GTX,Athletic Sneakers & Trainers
TOP_TEN_HI,Athletic Sneakers & Trainers
TOP_TEN_HI_60KlbRbdoJA,Athletic Sneakers & Trainers
TROCHILUS_BOOST,Athletic Sneakers & Trainers
TZX_Runner,Athletic Sneakers & Trainers
ZigKick_Hoops,Athletic Sneakers & Trainers
ZX700_lYiwcTIekXk,Athletic Sneakers & Trainers
ZX700_mf9Pc06uL06,Athletic Sneakers & Trainers
ZX700_mzGbdP3u6JB,Athletic Sneakers & Trainers
Azure_Snake_Tieks_Leather_Snake_Print_Ballet_Flats,Ballet Flats & Slip-Ons
California_Navy_Tieks_Italian_Leather_Ballet_Flats,Ballet Flats & Slip-Ons
Chelsea_BlkHeelPMP_DwxLtZNxLZZ,Ballet Flats & Slip-Ons
Chelsea_lo_fl_rdheel_nQ0LPNF1oMw,Ballet Flats & Slip-Ons
Chelsea_lo_fl_rdheel_zAQrnhlEfw8,Ballet Flats & Slip-Ons
Copperhead_Snake_Tieks_Brown_Snake_Print_Ballet_Flats,Ballet Flats & Slip-Ons
Cream_Tieks_Italian_Leather_Ballet_Flats,Ballet Flats & Slip-Ons
Lavender_Snake_Tieks_Snake_Print_Ballet_Flats,Ballet Flats & Slip-Ons
Lovestruck_Tieks_Glittery_Rose_Gold_Italian_Leather_Ballet_Flats,Ballet Flats & Slip-Ons
Matte_Black_Tieks_Italian_Leather_Ballet_Flats,Ballet Flats & Slip-Ons
Metallic_Gold_Tieks_Italian_Leather_Ballet_Flats,Ballet Flats & Slip-Ons
Metallic_Pewter_Tieks_Italian_Leather_Ballet_Flats,Ballet Flats & Slip-Ons
Romantic_Blush_Tieks_Metallic_Italian_Leather_Ballet_Flats,Ballet Flats & Slip-Ons
Rose_Garden_Tieks_Leather_Ballet_Flats_with_Floral_Rosettes,Ballet Flats & Slip-Ons
Sienna_Brown_Croc_Tieks_Patent_Leather_Crocodile_Print_Ballet_Flats,Ballet Flats & Slip-Ons
Starstruck_Tieks_Glittery_Gold_Italian_Leather_Ballet_Flats,Ballet Flats & Slip-Ons
Tiek_Blue_Patent_Tieks_Italian_Leather_Ballet_Flats,Ballet Flats & Slip-Ons
Tieks_Ballet_Flats_Diamond_White_Croc,Ballet Flats & Slip-Ons
Tieks_Ballet_Flats_Electric_Snake,Ballet Flats & Slip-Ons
Timberland_Mens_Earthkeepers_Casco_Bay_Canvas_SlipOn,Ballet Flats & Slip-Ons
Tory_Burch_Kaitlin_Ballet_Mestico_in_BlackGold,Ballet Flats & Slip-Ons
Tory_Burch_Reva_Metal_Logo_Litus_Snake_Print_in_dark_BranchGold,Ballet Flats & Slip-Ons
Unmellow_Yellow_Tieks_Neon_Patent_Leather_Ballet_Flats,Ballet Flats & Slip-Ons
White_Rose_Tieks_Leather_Ballet_Flats_with_Floral_Rosettes,Ballet Flats & Slip-Ons
Wild_Copper_Tieks_Metallic_Italian_Leather_Ballet_Flats,Ballet Flats & Slip-Ons
Womens_Suede_Bahama_in_Graphite_Suede_p1KUwoWbw7R,Ballet Flats & Slip-Ons
Great_Jones_Wingtip,Boat Shoes & Loafers
Great_Jones_Wingtip_j5NV8GRnitM,Boat Shoes & Loafers
Great_Jones_Wingtip_kAqSg6EgG0I,Boat Shoes & Loafers
Great_Jones_Wingtip_wxH3dbtlvBC,Boat Shoes & Loafers
Mens_ASV_Billfish_Boat_Shoe_in_Dark_Brown_Leather_zdHVHXueI3w,Boat Shoes & Loafers
Mens_ASV_Billfish_Boat_Shoe_in_Tan_Leather_wmUJ5PbwANc,Boat Shoes & Loafers
Mens_Authentic_Original_Boat_Shoe_in_Navy_Leather_NHHQddDLQys,Boat Shoes & Loafers
Mens_Authentic_Original_Boat_Shoe_in_Navy_Leather_RpT4GvUXRRP,Boat Shoes & Loafers
Mens_Authentic_Original_Boat_Shoe_in_Navy_Leather_xgoEcZtRNmH,Boat Shoes & Loafers
Mens_Bahama_in_Black_b4ADzYywRHl,Boat Shoes & Loafers
Mens_Bahama_in_Khaki_Oyster_xU2jeqYwhQJ,Boat Shoes & Loafers
Mens_Bahama_in_White_vSwvGMCo32f,Boat Shoes & Loafers
Mens_Billfish_3Eye_Boat_Shoe_in_Dark_Tan_wyns9HRcEuH,Boat Shoes & Loafers
Mens_Billfish_Slip_On_in_Coffee_e8bPKE9Lfgo,Boat Shoes & Loafers
Mens_Billfish_Slip_On_in_Coffee_nK6AJJAHOae,Boat Shoes & Loafers
Mens_Billfish_Slip_On_in_Tan_Beige_aaVUk0tNTv8,Boat Shoes & Loafers
Mens_Billfish_Ultra_Lite_Boat_Shoe_in_Dark_Brown_Blue_c6zDZTtRJr6,Boat Shoes & Loafers
Mens_Gold_Cup_ASV_2Eye_Boat_Shoe_in_Cognac_Leather,Boat Shoes & Loafers
Mens_Gold_Cup_ASV_Capetown_Penny_Loafer_in_Black_EjPnk3E8fCs,Boat Shoes & Loafers
Mens_Gold_Cup_ASV_Capetown_Penny_Loafer_in_Black_GkQBKqABeQN,Boat Shoes & Loafers
Mens_Gold_Cup_ASV_Dress_Casual_Venetian_in_Dark_Brown_Leather,Boat Shoes & Loafers
Mens_Largo_Slip_On_in_Taupe_gooyS417q4R,Boat Shoes & Loafers
Mens_Mako_Canoe_Moc_2Eye_Boat_Shoe_in_Coffee_9d05GG33QQQ,Boat Shoes & Loafers
Mens_Mako_Canoe_Moc_2Eye_Boat_Shoe_in_Coffee_K9e8FoV73uZ,Boat Shoes & Loafers
Mens_Mako_Canoe_Moc_2Eye_Boat_Shoe_in_OysterTaupe_otyRrfvPMiA,Boat Shoes & Loafers
Mens_RR_Moc_in_Navy_Suede_vmFfijhBzL3,Boat Shoes & Loafers
Mens_Tremont_Kiltie_Tassel_Loafer_in_Black_Amaretto,Boat Shoes & Loafers
Mens_Tremont_Kiltie_Tassel_Loafer_in_Black_Amaretto_FT0I9OjSA6O,Boat Shoes & Loafers
Mens_Tremont_Kiltie_Tassel_Loafer_in_Black_Amaretto_rCdzRZqgCnI,Boat Shoes & Loafers
Mens_Wave_Driver_Kiltie_Moc_in_Tan_Leather,Boat Shoes & Loafers
SAMBA_HEMP,Boat Shoes & Loafers
SAMOA,Boat Shoes & Loafers
Samoa_onepiece,Boat Shoes & Loafers
Santa_Cruz_Mens,Boat Shoes & Loafers
Santa_Cruz_Mens_G7kQXK7cIky,Boat Shoes & Loafers
Santa_Cruz_Mens_umxTczr1Ygg,Boat Shoes & Loafers
Santa_Cruz_Mens_vnbiTDDt5xH,Boat Shoes & Loafers
Santa_Cruz_Mens_YmsMDkFf11Z,Boat Shoes & Loafers
Sperry_TopSider_pSUFPWQXPp3,Boat Shoes & Loafers
Sperry_TopSider_tNB9t6YBUf3,Boat Shoes & Loafers
Timberland_Mens_Classic_2Eye_Boat_Shoe,Boat Shoes & Loafers
Timberland_Mens_Earthkeepers_Casco_Bay_Canvas_Oxford,Boat Shoes & Loafers
Timberland_Mens_Earthkeepers_Casco_Bay_Suede_1Eye,Boat Shoes & Loafers
Timberland_Mens_Earthkeepers_Heritage_2Eye_Boat_Shoe,Boat Shoes & Loafers
Timberland_Mens_Earthkeepers_Stormbuck_Lite_Plain_Toe_Oxford,Boat Shoes & Loafers
Timberland_Mens_Earthkeepers_Stormbuck_Plain_Toe_Oxford,Boat Shoes & Loafers
Timberland_Womens_Classic_Amherst_2Eye_Boat_Shoe,Boat Shoes & Loafers
Timberland_Womens_Earthkeepers_Classic_Unlined_Boat_Shoe,Boat Shoes & Loafers
Womens_Angelfish_Boat_Shoe_in_Linen_Leopard_Sequin_NJDwosWNeZz,Boat Shoes & Loafers
Womens_Angelfish_Boat_Shoe_in_Linen_Oat,Boat Shoes & Loafers
Womens_Audrey_Slip_On_Boat_Shoe_in_Graphite_Nubuck_xWVkCJ5vxZe,Boat Shoes & Loafers
Womens_Authentic_Original_Boat_Shoe_in_Classic_Brown_Leather,Boat Shoes & Loafers
Womens_Authentic_Original_Boat_Shoe_in_Classic_Brown_Leather_48Nh7VuMwW6,Boat Shoes & Loafers
Womens_Authentic_Original_Boat_Shoe_in_Classic_Brown_Leather_cJSCWiH7QmB,Boat Shoes & Loafers
Womens_Authentic_Original_Boat_Shoe_in_Navy_Deerskin_50lWJaLWG8R,Boat Shoes & Loafers
Womens_Bluefish_2Eye_Boat_Shoe_in_Brown_Deerskin_i1TgjjO0AKY,Boat Shoes & Loafers
Womens_Bluefish_2Eye_Boat_Shoe_in_Brown_Deerskin_JJ2pfEHTZG7,Boat Shoes & Loafers
Womens_Bluefish_2Eye_Boat_Shoe_in_Linen_Natural_Sparkle_Suede_kqi81aojcOR,Boat Shoes & Loafers
Womens_Bluefish_2Eye_Boat_Shoe_in_Linen_Natural_Sparkle_Suede_w34KNQ41csH,Boat Shoes & Loafers
Womens_Bluefish_2Eye_Boat_Shoe_in_Linen_Oat,Boat Shoes & Loafers
Womens_Bluefish_2Eye_Boat_Shoe_in_Linen_Oat_IbrSyJdpT3h,Boat Shoes & Loafers
Womens_Bluefish_2Eye_Boat_Shoe_in_Linen_Oat_niKJKeWsmxY,Boat Shoes & Loafers
Womens_Bluefish_2Eye_Boat_Shoe_in_Tan,Boat Shoes & Loafers
Womens_Bluefish_2Eye_Boat_Shoe_in_White_Tumbled_YG44xIePRHw,Boat Shoes & Loafers
Womens_Canvas_Bahama_in_Black,Boat Shoes & Loafers
Womens_Canvas_Bahama_in_Black_vnJULsDVyq5,Boat Shoes & Loafers
Womens_Canvas_Bahama_in_White_4UyOhP6rYGO,Boat Shoes & Loafers
Womens_Canvas_Bahama_in_White_UfZPHGQpvz0,Boat Shoes & Loafers
Womens_Cloud_Logo_Authentic_Original_Boat_Shoe_in_Black_Supersoft_8LigQYwf4gr,Boat Shoes & Loafers
Womens_Cloud_Logo_Authentic_Original_Boat_Shoe_in_Black_Supersoft_cZR022qFI4k,Boat Shoes & Loafers
Womens_Sequin_Bahama_in_White_Sequin_V9K1hf24Oxe,Boat Shoes & Loafers
Womens_Sequin_Bahama_in_White_Sequin_XoR8xTlxj1g,Boat Shoes & Loafers
Womens_Sequin_Bahama_in_White_Sequin_yGVsSA4tOwJ,Boat Shoes & Loafers
Womens_Sparkle_Suede_Angelfish_in_Grey_Sparkle_Suede_Silver,Boat Shoes & Loafers
Womens_Sparkle_Suede_Bahama_in_Silver_Sparkle_Suede_Grey_Patent_tYrIBLMhSTN,Boat Shoes & Loafers
Womens_Sparkle_Suede_Bahama_in_Silver_Sparkle_Suede_Grey_Patent_x9rclU7EJXx,Boat Shoes & Loafers
Womens_Suede_Bahama_in_Graphite_Suede_cUAjIMhWSO9,Boat Shoes & Loafers
Womens_Suede_Bahama_in_Graphite_Suede_t22AJSRjBOX,Boat Shoes & Loafers
AMBERLIGHT_UP_W,Boots & High-Tops
Colton_Wntr_Chukka_y4jO0I8JQFW,Boots & High-Tops
ENFR_MID_ENFORCER,Boots & High-Tops
Hilary,Boots & High-Tops
JS_WINGS_20_BLACK_FLAG,Boots & High-Tops
MARTIN_WEDGE_LACE_BOOT,Boots & High-Tops
Rayna_BootieWP,Boots & High-Tops
REEF_BANTU,Boots & High-Tops
Reebok_CLASSIC_LEGACY_II,Boots & High-Tops
Reebok_CL_DIBELLO_II,Boots & High-Tops
Timberland_Mens_Earthkeepers_Newmarket_6Inch_Cupsole_Boot,Boots & High-Tops
Timberland_Mens_Earthkeepers_Stormbuck_Chukka,Boots & High-Tops
Timberland_Womens_Waterproof_Nellie_Chukka_Double,Boots & High-Tops
Tory_Burch_Kiernan_Riding_Boot,Boots & High-Tops
Tory_Burch_Sabe_65mm_Bootie_Split_Suede_in_Caramel,Boots & High-Tops
UGG_Bailey_Bow_Womens_Clogs_Black_7,Boots & High-Tops
UGG_Bailey_Button_Triplet_Womens_Boots_Black_7,Boots & High-Tops
UGG_Bailey_Button_Womens_Boots_Black_7,Boots & High-Tops
UGG_Cambridge_Womens_Black_7,Boots & High-Tops
UGG_Classic_Tall_Womens_Boots_Chestnut_7,Boots & High-Tops
UGG_Classic_Tall_Womens_Boots_Grey_7,Boots & High-Tops
UGG_Jena_Womens_Java_7,Boots & High-Tops
W_Lou_z0dkC78niiZ,Boots & High-Tops
Womens_Betty_Chukka_Boot_in_Grey_Jersey_Sequin,Boots & High-Tops
Womens_Betty_Chukka_Boot_in_Navy_aEE8OqvMII4,Boots & High-Tops
Womens_Betty_Chukka_Boot_in_Navy_Jersey_Sequin_y0SsHk7dKUX,Boots & High-Tops
Womens_Betty_Chukka_Boot_in_Salt_Washed_Red_AL2YrOt9CRy,Boots & High-Tops
Womens_Hikerfish_Boot_in_Black_Leopard_bVSNY1Le1sm,Boots & High-Tops
Womens_Hikerfish_Boot_in_Black_Leopard_ridcCWsv8rW,Boots & High-Tops
Womens_Hikerfish_Boot_in_Linen_Leather_Sparkle_Suede_imlP8VkwqIH,Boots & High-Tops
Womens_Hikerfish_Boot_in_Linen_Leather_Sparkle_Suede_QktIyAkonrU,Boots & High-Tops
Womens_Teva_Capistrano_Bootie,Boots & High-Tops
Womens_Teva_Capistrano_Bootie_ldjRT9yZ5Ht,Boots & High-Tops
adiZero_Slide_2_SC,Sandals & Flip-Flops
GIRLS_DECKHAND,Sandals & Flip-Flops
Mens_Santa_Cruz_Thong_in_Chocolate_La1fo2mAovE,Sandals & Flip-Flops
Mens_Santa_Cruz_Thong_in_Chocolate_lvxYW7lek6B,Sandals & Flip-Flops
Mens_Santa_Cruz_Thong_in_Tan_r59C69daRPh,Sandals & Flip-Flops
NAPA_VALLEY_NAVAJO_SANDAL,Sandals & Flip-Flops
Reebok_COMFORT_REEFRESH_FLIP,Sandals & Flip-Flops
REEF_BRAIDED_CUSHION,Sandals & Flip-Flops
Reef_Star_Cushion_Flipflops_Size_8_Black,Sandals & Flip-Flops
REEF_ZENFUN,Sandals & Flip-Flops
Animal_Crossing_New_Leaf_Nintendo_3DS_Game,Packaged Items
Apples_to_Apples_Kids_Edition,Packaged Items
Arm_Hammer_Diaper_Pail_Refills_12_Pack_MFWkmoweejt,Packaged Items
Asus_80211ac_DualBand_Gigabit_Wireless_Router_RTAC68R,Packaged Items
Asus_M5A78LMUSB3_Motherboard_Micro_ATX_Socket_AM3,Packaged Items
Asus_M5A99FX_PRO_R20_Motherboard_ATX_Socket_AM3,Packaged Items
Asus_Sabertooth_990FX_20_Motherboard_ATX_Socket_AM3,Packaged Items
Asus_Sabertooth_Z97_MARK_1_Motherboard_ATX_LGA1150_Socket,Packaged Items
Asus_X99Deluxe_Motherboard_ATX_LGA2011v3_Socket,Packaged Items
Asus_Z87PRO_Motherboard_ATX_LGA1150_Socket,Packaged Items
Asus_Z97AR_LGA_1150_Intel_ATX_Motherboard,Packaged Items
Asus_Z97IPLUS_Motherboard_Mini_ITX_LGA1150_Socket,Packaged Items
Balderdash_Game,Packaged Items
BATHROOM_CLASSIC,Packaged Items
Black_and_Decker_PBJ2000_FusionBlade_Blender_Jars,Packaged Items
Black_Elderberry_Syrup_54_oz_Gaia_Herbs,Packaged Items
Black_Forest_Fruit_Snacks_28_Pack_Grape,Packaged Items
Black_Forest_Fruit_Snacks_Juicy_Filled_Centers_10_pouches_9_oz_total,Packaged Items
Brisk_Iced_Tea_Lemon_12_12_fl_oz_355_ml_cans_144_fl_oz_426_lt,Packaged Items
Brother_Ink_Cartridge_Magenta_LC75M,Packaged Items
Brother_LC_1053PKS_Ink_Cartridge_CyanMagentaYellow_1pack,Packaged Items
Brother_Printing_Cartridge_PC501,Packaged Items
Canon_225226_Ink_Cartridges_BlackColor_Cyan_Magenta_Yellow_6_count,Packaged Items
Canon_Ink_Cartridge_Green_6,Packaged Items
Canon_Pixma_Chromalife_100_Magenta_8,Packaged Items
Canon_Pixma_Ink_Cartridge_251_M,Packaged Items
Canon_Pixma_Ink_Cartridge_8,Packaged Items
Canon_Pixma_Ink_Cartridge_8_Green,Packaged Items
Canon_Pixma_Ink_Cartridge_8_Red,Packaged Items
Canon_Pixma_Ink_Cartridge_Cyan_251,Packaged Items
Clue_Board_Game_Classic_Edition,Packaged Items
Connect_4_Launchers,Packaged Items
Cootie_Game_tDhURNbfU5J,Packaged Items
Crayola_Bonus_64_Crayons,Packaged Items
Crayola_Crayons_120_crayons,Packaged Items
Crayola_Crayons_24_count,Packaged Items
Crayola_Crayons_Washable_24_crayons,Packaged Items
Crayola_Model_Magic_Modeling_Material_Single_Packs_6_pack_05_oz_packs,Packaged Items
Crayola_Model_Magic_Modeling_Material_White_3_oz,Packaged Items
Crayola_Washable_Fingerpaint_Red_Blue_Yellow_3_count_8_fl_oz_bottes_each,Packaged Items
Crayola_Washable_Sidewalk_Chalk_16_pack,Packaged Items
Crayola_Washable_Sidewalk_Chalk_16_pack_wDZECiw7J6s,Packaged Items
Crunch_Girl_Scouts_Candy_Bars_Peanut_Butter_Creme_78_oz_box,Packaged Items
Dell_Ink_Cartridge,Packaged Items
Dell_Ink_Cartridge_Yellow_31,Packaged Items
Dell_Series_9_Color_Ink_Cartridge_MK993_High_Yield,Packaged Items
Deskstar_Desk_Top_Hard_Drive_1_TB,Packaged Items
Diet_Pepsi_Soda_Cola12_Pack_12_oz_Cans,Packaged Items
Eat_to_Live_The_Amazing_NutrientRich_Program_for_Fast_and_Sustained_Weight_Loss_Revised_Edition_Book,Packaged Items
Epson_273XL_Ink_Cartridge_Magenta,Packaged Items
Epson_DURABrite_Ultra_786_Black_Ink_Cartridge_T786120S,Packaged Items
Epson_Ink_Cartridge_126_Yellow,Packaged Items
Epson_Ink_Cartridge_Black_200,Packaged Items
Epson_LabelWorks_LC4WBN9_Tape_reel_labels_047_x_295_Roll_Black_on_White,Packaged Items
Epson_LabelWorks_LC5WBN9_Tape_reel_labels_071_x_295_Roll_Black_on_White,Packaged Items
Epson_T5803_Ink_Cartridge_Magenta_1pack,Packaged Items
Epson_UltraChrome_T0543_Ink_Cartridge_Magenta_1pack,Packaged Items
Epson_UltraChrome_T0548_Ink_Cartridge_Matte_Black_1pack,Packaged Items
FemDophilus,Packaged Items
Firefly_Clue_Board_Game,Packaged Items
FisherPrice_Make_A_Match_Game_Thomas_Friends,Packaged Items
Fresca_Peach_Citrus_Sparkling_Flavored_Soda_12_PK,Packaged Items
Frozen_Olafs_In_Trouble_PopOMatic_Game,Packaged Items
Frozen_Scrabble_Jr,Packaged Items
Gigabyte_GA78LMTUSB3_50_Motherboard_Micro_ATX_Socket_AM3,Packaged Items
Gigabyte_GA970AUD3P_10_Motherboard_ATX_Socket_AM3,Packaged Items
Gigabyte_GAZ97XSLI_10_motherboard_ATX_LGA1150_Socket_Z97,Packaged Items
Google_Cardboard_Original_package,Packaged Items
Hasbro_Cranium_Performance_and_Acting_Game,Packaged Items
Hasbro_Dont_Wake_Daddy_Board_Game,Packaged Items
Hasbro_Life_Board_Game,Packaged Items
Hasbro_Monopoly_Hotels_Game,Packaged Items
Hasbro_Trivial_Pursuit_Family_Edition_Game,Packaged Items
HP_Card_Invitation_Kit,Packaged Items
HyperX_Cloud_II_Headset_Gun_Metal,Packaged Items
HyperX_Cloud_II_Headset_Red,Packaged Items
JarroSil_Activated_Silicon,Packaged Items
JarroSil_Activated_Silicon_5exdZHIeLAp,Packaged Items
Just_For_Men_Mustache_Beard_Brushin_Hair_Color_Gel_Kit_Jet_Black_M60,Packaged Items
Just_For_Men_Mustache_Beard_Brushin_Hair_Color_Gel_MediumDark_Brown_M40,Packaged Items
Just_For_Men_Shampoo_In_Haircolor_Darkest_Brown_50,Packaged Items
Just_For_Men_ShampooIn_Haircolor_Jet_Black_60,Packaged Items
Just_For_Men_ShampooIn_Haircolor_Light_Brown_25,Packaged Items
Kid_Icarus_Uprising_Nintendo_3DS_Game,Packaged Items
Kotex_U_Barely_There_Liners_Thin_60_count,Packaged Items
Kotex_U_Tween_Pads_16_pads,Packaged Items
Leap_Frog_Paint_Dabber_Dot_Art_5_paint_bottles,Packaged Items
LEGO_City_Advent_Calendar,Packaged Items
LEGO_Creationary_Game,Packaged Items
Lego_Friends_Advent_Calendar,Packaged Items
LEGO_Fusion_Set_Town_Master,Packaged Items
LEGO_Star_Wars_Advent_Calendar,Packaged Items
Little_Big_Planet_3_Plush_Edition,Packaged Items
KS_Chocolate_Cube_Box_Assortment_By_Neuhaus_2010_Ounces,Packaged Items
Little_Debbie_Chocolate_Cupcakes_8_ct,Packaged Items
Little_Debbie_Cloud_Cakes_10_ct,Packaged Items
Little_Debbie_Donut_Sticks_6_cake_donuts_10_oz_total,Packaged Items
Luigis_Mansion_Dark_Moon_Nintendo_3DS_Game,Packaged Items
Mad_Gab_Refresh_Card_Game,Packaged Items
Marc_Anthony_Skip_Professional_Oil_of_Morocco_Conditioner_with_Argan_Oil,Packaged Items
Marc_Anthony_Strictly_Curls_Curl_Envy_Perfect_Curl_Cream_6_fl_oz_bottle,Packaged Items
Mario_Luigi_Dream_Team_Nintendo_3DS_Game,Packaged Items
Mario_Party_9_Wii_Game,Packaged Items
Mattel_SKIP_BO_Card_Game,Packaged Items
Melissa_Doug_See_Spell,Packaged Items
Mist_Wipe_Warmer,Packaged Items
My_Monopoly_Board_Game,Packaged Items
New_Super_Mario_BrosWii_Wii_Game,Packaged Items
Nescafe_16Count_Dolce_Gusto_Cappuccino_Capsules,Packaged Items
Nescafe_Memento_Latte_Caramel_8_08_oz_23_g_packets_64_oz_184_g,Packaged Items
Nescafe_Momento_Mocha_Specialty_Coffee_Mix_8_ct,Packaged Items
NESCAFE_NESCAFE_TC_STKS_DECAF_6_CT,Packaged Items
Nestl_Crunch_Girl_Scouts_Cookie_Flavors_Caramel_Coconut_78_oz_box,Packaged Items
Nestle_Carnation_Cinnamon_Coffeecake_Kit_1913OZ,Packaged Items
Nestle_Nips_Hard_Candy_Peanut_Butter,Packaged Items
Nestle_Pure_Life_Exotics_Sparkling_Water_Strawberry_Dragon_Fruit_8_count_12_fl_oz_can,Packaged Items
Nestle_Pure_Life_Exotics_Sparkling_Water_Strawberry_Dragon_Fruit_8_count_12_fl_oz_can_aX0ygjh3bxi,Packaged Items
Nestle_Raisinets_Milk_Chocolate_35_oz_992_g,Packaged Items
Nestle_Skinny_Cow_Dreamy_Clusters_Candy_Dark_Chocolate_6_pack_1_oz_pouches,Packaged Items
Nestl_Skinny_Cow_Heavenly_Crisp_Candy_Bar_Chocolate_Raspberry_6_pack_462_oz_total,Packaged Items
Netgear_Ac1750_Router_Wireless_Dual_Band_Gigabit_Router,Packaged Items
Netgear_N750_Wireless_Dual_Band_Gigabit_Router,Packaged Items
Netgear_Nighthawk_X6_AC3200_TriBand_Gigabit_Wireless_Router,Packaged Items
Nightmare_Before_Christmas_Collectors_Edition_Operation,Packaged Items
Nintendo_Wii_Party_U_with_Controller_Wii_U_Game,Packaged Items
Nips_Hard_Candy_Rich_Creamy_Butter_Rum_4_oz_1133_g,Packaged Items
Office_Depot_Canon_CL211XL_Remanufactured_Ink_Cartridge_TriColor,Packaged Items
Office_Depot_Canon_CL_41_Remanufactured_Ink_Cartridge_TriColor,Packaged Items
Office_Depot_Canon_CLI_221BK_Ink_Cartridge_Black_2946B001,Packaged Items
Office_Depot_Canon_CLI36_Remanufactured_Ink_Cartridge_TriColor,Packaged Items
Office_Depot_Canon_CLI_8CMY_Remanufactured_Ink_Cartridges_Color_Cyan_Magenta_Yellow_3_count,Packaged Items
Office_Depot_Canon_CLI_8Y_Ink_Cartridge_Yellow_0623B002,Packaged Items
Office_Depot_Canon_PG21XL_Remanufactured_Ink_Cartridge_Black,Packaged Items
Office_Depot_Canon_PG_240XL_Ink_Cartridge_Black_5206B001,Packaged Items
Office_Depot_Canon_PGI22_Remanufactured_Ink_Cartridge_Black,Packaged Items
Office_Depot_Canon_PGI35_Remanufactured_Ink_Cartridge_Black,Packaged Items
Office_Depot_Canon_PGI5BK_Remanufactured_Ink_Cartridge_Black,Packaged Items
Office_Depot_Dell_Series_11_Remanufactured_Ink_Cartridge_Black,Packaged Items
Office_Depot_Dell_Series_11_Remanufactured_Ink_Cartridge_TriColor,Packaged Items
Office_Depot_Dell_Series_1_Remanufactured_Ink_Cartridge_Black,Packaged Items
Office_Depot_Dell_Series_1_Remanufactured_Ink_Cartridge_TriColor,Packaged Items
Office_Depot_Dell_Series_5_Remanufactured_Ink_Cartridge_Black,Packaged Items
Office_Depot_Dell_Series_9_Color_Ink_Ink_Cartridge_MK991_MK993,Packaged Items
Office_Depot_Dell_Series_9_Ink_Cartridge_Black_MK992,Packaged Items
Office_Depot_HP_2_Remanufactured_Ink_Cartridges_Color_Cyan_Magenta_Yellow_3_count,Packaged Items
Office_Depot_HP_564XL_Ink_Cartridge_Black_CN684WN,Packaged Items
Office_Depot_HP_564XL_Remanufactured_Ink_Cartridges_Color_Cyan_Magenta_Yellow_3_count,Packaged Items
Office_Depot_HP_61Tricolor_Ink_Cartridge,Packaged Items
Office_Depot_HP_71_Remanufactured_Ink_Cartridge_Black,Packaged Items
Office_Depot_HP_74XL75_Remanufactured_Ink_Cartridges_BlackTriColor_2_count,Packaged Items
Office_Depot_HP_75_Remanufactured_Ink_Cartridge_TriColor,Packaged Items
Office_Depot_HP_920XL_920_High_Yield_Black_and_Standard_CMY_Color_Ink_Cartridges,Packaged Items
Office_Depot_HP_932XL_Ink_Cartridge_Black_CN053A,Packaged Items
Office_Depot_HP_950XL_Ink_Cartridge_Black_CN045AN,Packaged Items
Office_Depot_HP_96_Remanufactured_Ink_Cartridge_Black,Packaged Items
Office_Depot_HP_98_Remanufactured_Ink_Cartridge_Black,Packaged Items
Paint_Maker,Packaged Items
Pass_The_Popcorn_Movie_Guessing_Game,Packaged Items
Pepsi_Caffeine_Free_Diet_12_CT,Packaged Items
Pepsi_Cola_Caffeine_Free_12_12_fl_oz_355_ml_cans_144_fl_oz_426_lt,Packaged Items
Pepsi_Cola_Wild_Cherry_Diet_12_12_fl_oz_355_ml_cans_144_fl_oz_426_lt,Packaged Items
Pepsi_Max_Cola_Zero_Calorie_12_12_fl_oz_355_ml_cans_144_fl_oz_426_lt,Packaged Items
PEPSI_NEXT_CACRV,Packaged Items
Perricoen_MD_No_Concealer_Concealer,Packaged Items
Perricone_MD_AcylGlutathione_Deep_Crease_Serum,Packaged Items
Perricone_MD_AcylGlutathione_Eye_Lid_Serum,Packaged Items
Perricone_MD_Best_of_Perricone_7Piece_Collection_MEGsO6GIsyL,Packaged Items
Perricone_MD_Blue_Plasma_Orbital,Packaged Items
Perricone_MD_Chia_Serum,Packaged Items
Perricone_MD_Cold_Plasma,Packaged Items
Perricone_MD_Cold_Plasma_Body,Packaged Items
Perricone_MD_Face_Finishing_Moisturizer,Packaged Items
Perricone_MD_Face_Finishing_Moisturizer_4_oz,Packaged Items
Perricone_MD_Firming_Neck_Therapy_Treatment,Packaged Items
Perricone_MD_Health_Weight_Management_Supplements,Packaged Items
Perricone_MD_High_Potency_Evening_Repair,Packaged Items
Perricone_MD_Hypoallergenic_Firming_Eye_Cream_05_oz,Packaged Items
Perricone_MD_Hypoallergenic_Gentle_Cleanser,Packaged Items
Perricone_MD_Neuropeptide_Facial_Conformer,Packaged Items
Perricone_MD_Neuropeptide_Firming_Moisturizer,Packaged Items
Perricone_MD_No_Bronzer_Bronzer,Packaged Items
Perricone_MD_No_Foundation_Foundation_No_1,Packaged Items
Perricone_MD_No_Foundation_Serum,Packaged Items
Perricone_MD_No_Lipstick_Lipstick,Packaged Items
Perricone_MD_No_Mascara_Mascara,Packaged Items
Perricone_MD_Nutritive_Cleanser,Packaged Items
Perricone_MD_Omega_3_Supplements,Packaged Items
Perricone_MD_OVM,Packaged Items
Perricone_MD_Photo_Plasma,Packaged Items
Perricone_MD_Skin_Clear_Supplements,Packaged Items
Perricone_MD_Skin_Total_Body_Supplements,Packaged Items
Perricone_MD_Super_Berry_Powder_with_Acai_Supplements,Packaged Items
Perricone_MD_The_Cold_Plasma_Face_Eyes_Duo,Packaged Items
Perricone_MD_The_Crease_Cure_Duo,Packaged Items
Perricone_MD_The_Metabolic_Formula_Supplements,Packaged Items
Perricone_MD_The_Power_Treatments,Packaged Items
Perricone_MD_Vitamin_C_Ester_15,Packaged Items
Perricone_MD_Vitamin_C_Ester_Serum,Packaged Items
Philips_60ct_Warm_White_LED_Smooth_Mini_String_Lights,Packaged Items
Philips_EcoVantage_43_W_Light_Bulbs_Natural_Light_2_pack,Packaged Items
Philips_Sonicare_Tooth_Brush_2_count,Packaged Items
Phillips_Caplets_Size_24,Packaged Items
Phillips_Colon_Health_Probiotic_Capsule,Packaged Items
Phillips_Stool_Softener_Liquid_Gels_30_liquid_gels,Packaged Items
Razer_Kraken_71_Chroma_headset_Full_size_Black,Packaged Items
ReadytoUse_Rolled_Fondant_Pure_White_24_oz_box,Packaged Items
SAMe_200,Packaged Items
SAMe_200_KX7ZmOw47co,Packaged Items
Samsung_CLTC406S_Toner_Cartridge_Cyan_1pack,Packaged Items
SAPPHIRE_R7_260X_OC,Packaged Items
Sleep_Optimizer,Packaged Items
Sonicare_2_Series_Toothbrush_Plaque_Control,Packaged Items
Sony_Acid_Music_Studio,Packaged Items
Sony_Downloadable_Loops,Packaged Items
Sorry_Sliders_Board_Game,Packaged Items
Supernatural_Ouija_Board_Game,Packaged Items
Swiss_Miss_Hot_Cocoa_KCups_Milk_Chocolate_12_count,Packaged Items
Tetris_Link_Game,Packaged Items
The_Coffee_Bean_Tea_Leaf_KCup_Packs_Jasmine_Green_Tea_16_count,Packaged Items
Travel_Smart_Neck_Rest_Inflatable,Packaged Items
Tune_Belt_Sport_Armband_For_Samsung_Galaxy_S3,Packaged Items
U_By_Kotex_Cleanwear_Heavy_Flow_Pads_32_Ct,Packaged Items
U_By_Kotex_Sleek_Regular_Unscented_Tampons_36_Ct_Box,Packaged Items
Ultra_JarroDophilus,Packaged Items
Vans_Cereal_Honey_Nut_Crunch_11_oz_box,Packaged Items
VANS_FIRE_ROASTED_VEGGIE_CRACKERS_GLUTEN_FREE,Packaged Items
Whey_Protein_3_Flavor_Variety_Pack_12_Packets,Packaged Items
Whey_Protein_Chocolate_12_Packets,Packaged Items
Whey_Protein_Vanilla_12_Packets,Packaged Items
Wilton_PreCut_Parchment_Sheets_10_x_15_24_sheets,Packaged Items
Winning_Moves_1180_Aggravation_Board_Game,Packaged Items
Wrigley_Orbit_Mint_Variety_18_Count,Packaged Items
YumYum_D3_Liquid,Packaged Items
Central_Garden_Flower_Pot_Goo_425,Plant Pots & Planters
Cole_Hardware_Electric_Pot_Assortment_55,Plant Pots & Planters
Cole_Hardware_Electric_Pot_Cabana_55,Plant Pots & Planters
Cole_Hardware_Flower_Pot_1025,Plant Pots & Planters
Cole_Hardware_Orchid_Pot_85,Plant Pots & Planters
Down_To_Earth_Ceramic_Orchid_Pot_Asst_Blue,Plant Pots & Planters
Down_To_Earth_Orchid_Pot_Ceramic_Lime,Plant Pots & Planters
Down_To_Earth_Orchid_Pot_Ceramic_Red,Plant Pots & Planters
Ecoforms_Cup_B4_SAN,Plant Pots & Planters
Ecoforms_Garden_Pot_GP16ATurquois,Plant Pots & Planters
Ecoforms_Plant_Bowl_Atlas_Low,Plant Pots & Planters
Ecoforms_Plant_Bowl_Turquoise_7,Plant Pots & Planters
Ecoforms_Plant_Container_12_Pot_Nova,Plant Pots & Planters
Ecoforms_Plant_Container_B4_Har,Plant Pots & Planters
Ecoforms_Plant_Container_FB6_Tur,Plant Pots & Planters
Ecoforms_Plant_Container_GP16A_Coral,Plant Pots & Planters
Ecoforms_Plant_Container_GP16AMOCHA,Plant Pots & Planters
Ecoforms_Plant_Container_QP6CORAL,Plant Pots & Planters
Ecoforms_Plant_Container_QP6HARVEST,Plant Pots & Planters
Ecoforms_Plant_Container_QP_Harvest,Plant Pots & Planters
Ecoforms_Plant_Container_QP_Turquoise,Plant Pots & Planters
Ecoforms_Plant_Container_Quadra_Sand_QP6,Plant Pots & Planters
Ecoforms_Plant_Container_Quadra_Turquoise_QP12,Plant Pots & Planters
Ecoforms_Plant_Container_S14Turquoise,Plant Pots & Planters
Ecoforms_Plant_Container_S24NATURAL,Plant Pots & Planters
Ecoforms_Plant_Container_S24Turquoise,Plant Pots & Planters
Ecoforms_Plant_Container_SB9Turquoise,Plant Pots & Planters
Ecoforms_Plant_Container_Urn_55_Avocado,Plant Pots & Planters
Ecoforms_Plant_Container_Urn_55_Mocha,Plant Pots & Planters
Ecoforms_Plant_Container_URN_NAT,Plant Pots & Planters
Ecoforms_Plant_Container_URN_SAN,Plant Pots & Planters
Ecoforms_Planter_Bowl_Cole_Hardware,Plant Pots & Planters
Ecoforms_Planter_Pot_GP12AAvocado,Plant Pots & Planters
Ecoforms_Planter_Pot_QP6Ebony,Plant Pots & Planters
Ecoforms_Plant_Pot_GP9AAvocado,Plant Pots & Planters
Ecoforms_Plant_Pot_GP9_SAND,Plant Pots & Planters
Ecoforms_Pot_Nova_6_Turquoise,Plant Pots & Planters
Pennington_Electric_Pot_Cabana_4,Plant Pots & Planters
Sapota_Threshold_4_Ceramic_Round_Planter_Red,Plant Pots & Planters
Cole_Hardware_Plant_Saucer_Brown_125,"Saucers, Plates & Trays"
Cole_Hardware_Plant_Saucer_Glazed_9,"Saucers, Plates & Trays"
Cole_Hardware_Saucer_Electric,"Saucers, Plates & Trays"
Cole_Hardware_Saucer_Glazed_6,"Saucers, Plates & Trays"
Ecoforms_Plant_Plate_S11Turquoise,"Saucers, Plates & Trays"
Ecoforms_Plant_Saucer_S14MOCHA,"Saucers, Plates & Trays"
Ecoforms_Plant_Saucer_S14NATURAL,"Saucers, Plates & Trays"
Ecoforms_Plant_Saucer_S17MOCHA,"Saucers, Plates & Trays"
Ecoforms_Plant_Saucer_S20MOCHA,"Saucers, Plates & Trays"
Ecoforms_Plant_Saucer_SQ1HARVEST,"Saucers, Plates & Trays"
Ecoforms_Plant_Saucer_SQ8COR,"Saucers, Plates & Trays"
Ecoforms_Plate_S20Avocado,"Saucers, Plates & Trays"
Ecoforms_Quadra_Saucer_SQ1_Avocado,"Saucers, Plates & Trays"
Ecoforms_Saucer_SQ3_Turquoise,"Saucers, Plates & Trays"
In_Green_Company_Surface_Saver_Ring_10_Terra_Cotta,"Saucers, Plates & Trays"
Kotobuki_Saucer_Dragon_Fly,"Saucers, Plates & Trays"
Neat_Solutions_Character_Bib_2_pack,"Saucers, Plates & Trays"
Room_Essentials_Salad_Plate_Turquoise,"Saucers, Plates & Trays"
Threshold_Bistro_Ceramic_Dinner_Plate_Ruby_Ring,"Saucers, Plates & Trays"
Threshold_Dinner_Plate_Square_Rim_White_Porcelain,"Saucers, Plates & Trays"
Threshold_Porcelain_Spoon_Rest_White,"Saucers, Plates & Trays"
Threshold_Salad_Plate_Square_Rim_Porcelain,"Saucers, Plates & Trays"
Threshold_Tray_Rectangle_Porcelain,"Saucers, Plates & Trays"
45oz_RAMEKIN_ASST_DEEP_COLORS,Bowls & Ramekins
BIA_Porcelain_Ramekin_With_Glazed_Rim_35_45_oz_cup,Bowls & Ramekins
Bradshaw_International_11642_7_Qt_MP_Plastic_Bowl,Bowls & Ramekins
Cole_Hardware_Bowl_Scirocco_YellowBlue,Bowls & Ramekins
Cole_Hardware_Deep_Bowl_Good_Earth_1075,Bowls & Ramekins
Dixie_10_ounce_Bowls_35_ct,Bowls & Ramekins
Footed_Bowl_Sand,Bowls & Ramekins
Grreat_Choice_Dog_Double_Dish_Plastic_Blue,Bowls & Ramekins
Grreatv_Choice_Dog_Bowl_Gray_Bones_Plastic_20_fl_oz_total,Bowls & Ramekins
Now_Designs_Bowl_Akita_Black,Bowls & Ramekins
Room_Essentials_Bowl_Turquiose,Bowls & Ramekins
Sea_to_Summit_Xl_Bowl,Bowls & Ramekins
Threshold_Bead_Cereal_Bowl_White,Bowls & Ramekins
Threshold_Porcelain_Serving_Bowl_Coupe_White,Bowls & Ramekins
Threshold_Ramekin_White_Porcelain,Bowls & Ramekins
Top_Paw_Dog_Bow_Bone_Ceramic_13_fl_oz_total,Bowls & Ramekins
Top_Paw_Dog_Bowl_Blue_Paw_Bone_Ceramic_25_fl_oz_total,Bowls & Ramekins
Utana_5_Porcelain_Ramekin_Large,Bowls & Ramekins
ACE_Coffee_Mug_Kristen_16_oz_cup,"Mugs, Cups & Drinkware"
BIA_Cordon_Bleu_White_Porcelain_Utensil_Holder_900028,"Mugs, Cups & Drinkware"
Cole_Hardware_Mug_Classic_Blue,"Mugs, Cups & Drinkware"
Don_Franciscos_Gourmet_Coffee_Medium_Decaf_100_Colombian_12_oz_340_g,"Mugs, Cups & Drinkware"
Room_Essentials_Mug_White_Yellow,"Mugs, Cups & Drinkware"
Threshold_Porcelain_Coffee_Mug_All_Over_Bead_White,"Mugs, Cups & Drinkware"
Threshold_Porcelain_Pitcher_White,"Mugs, Cups & Drinkware"
Threshold_Porcelain_Teapot_White,"Mugs, Cups & Drinkware"
Snack_Catcher_Snack_Dispenser,"Mugs, Cups & Drinkware"
5_HTP,"Supplements, Medicine & Cosmetic Bottles"
AllergenFree_JarroDophilus,"Supplements, Medicine & Cosmetic Bottles"
Beta_Glucan,"Supplements, Medicine & Cosmetic Bottles"
Bifidus_Balance_FOS,"Supplements, Medicine & Cosmetic Bottles"
Blackcurrant_Lutein,"Supplements, Medicine & Cosmetic Bottles"
Borage_GLA240Gamma_Tocopherol,"Supplements, Medicine & Cosmetic Bottles"
CoQ10,"Supplements, Medicine & Cosmetic Bottles"
CoQ10_BjTLbuRVt1t,"Supplements, Medicine & Cosmetic Bottles"
CoQ10_wSSVoxVppVD,"Supplements, Medicine & Cosmetic Bottles"
Creatine_Monohydrate,"Supplements, Medicine & Cosmetic Bottles"
DIM_CDG,"Supplements, Medicine & Cosmetic Bottles"
Folic_Acid,"Supplements, Medicine & Cosmetic Bottles"
Germanium_GE132,"Supplements, Medicine & Cosmetic Bottles"
Hyaluronic_Acid,"Supplements, Medicine & Cosmetic Bottles"
Inositol,"Supplements, Medicine & Cosmetic Bottles"
IsoRich_Soy,"Supplements, Medicine & Cosmetic Bottles"
JarroDophilusFOS_Value_Size,"Supplements, Medicine & Cosmetic Bottles"
Jarrow_Formulas_Glucosamine_Hci_Mega_1000_100_ct,"Supplements, Medicine & Cosmetic Bottles"
Jarrow_Glucosamine_Chondroitin_Combination_120_Caps,"Supplements, Medicine & Cosmetic Bottles"
Krill_Oil,"Supplements, Medicine & Cosmetic Bottles"
Lactoferrin,"Supplements, Medicine & Cosmetic Bottles"
LTyrosine,"Supplements, Medicine & Cosmetic Bottles"
Lutein,"Supplements, Medicine & Cosmetic Bottles"
Marc_Anthony_True_Professional_Oil_of_Morocco_Argan_Oil_Treatment,"Supplements, Medicine & Cosmetic Bottles"
Marc_Anthony_True_Professional_Strictly_Curls_Curl_Defining_Lotion,"Supplements, Medicine & Cosmetic Bottles"
Mastic_Gum,"Supplements, Medicine & Cosmetic Bottles"
MK7,"Supplements, Medicine & Cosmetic Bottles"
NattoMax,"Supplements, Medicine & Cosmetic Bottles"
Organic_Whey_Protein_Unflavored,"Supplements, Medicine & Cosmetic Bottles"
Organic_Whey_Protein_Vanilla,"Supplements, Medicine & Cosmetic Bottles"
Pet_Dophilus_powder,"Supplements, Medicine & Cosmetic Bottles"
Phillips_Milk_of_Magnesia_Saline_Laxative_Liquid_Original,"Supplements, Medicine & Cosmetic Bottles"
PhosphOmega,"Supplements, Medicine & Cosmetic Bottles"
Prostate_Optimizer,"Supplements, Medicine & Cosmetic Bottles"
QAbsorb_CoQ10,"Supplements, Medicine & Cosmetic Bottles"
QAbsorb_CoQ10_53iUqjWjW3O,"Supplements, Medicine & Cosmetic Bottles"
QHPomegranate,"Supplements, Medicine & Cosmetic Bottles"
Quercetin_500,"Supplements, Medicine & Cosmetic Bottles"
Saccharomyces_Boulardii_MOS_Value_Size,"Supplements, Medicine & Cosmetic Bottles"
Theanine,"Supplements, Medicine & Cosmetic Bottles"
Twinlab_100_Whey_Protein_Fuel_Chocolate,"Supplements, Medicine & Cosmetic Bottles"
Twinlab_100_Whey_Protein_Fuel_Cookies_and_Cream,"Supplements, Medicine & Cosmetic Bottles"
Twinlab_100_Whey_Protein_Fuel_Vanilla,"Supplements, Medicine & Cosmetic Bottles"
Twinlab_Nitric_Fuel,"Supplements, Medicine & Cosmetic Bottles"
Twinlab_Premium_Creatine_Fuel_Powder,"Supplements, Medicine & Cosmetic Bottles"
Whey_Protein_Vanilla,"Supplements, Medicine & Cosmetic Bottles"
Womens_Multi_13,"Supplements, Medicine & Cosmetic Bottles"
Xyli_Pure_Xylitol,"Supplements, Medicine & Cosmetic Bottles"
Beetle_Adventure_Racing_Nintendo_64,Unboxed Video Games
Beyonc_Life_is_But_a_Dream_DVD,Unboxed Video Games
BlackBlack_Nintendo_3DSXL,Unboxed Video Games
BlueBlack_Nintendo_3DSXL,Unboxed Video Games
Blue_Jasmine_Includes_Digital_Copy_UltraViolet_DVD,Unboxed Video Games
Final_Fantasy_XIV_A_Realm_Reborn_60Day_Subscription,Unboxed Video Games
Hey_You_Pikachu_Nintendo_64,Unboxed Video Games
House_of_Cards_The_Complete_First_Season_4_Discs_DVD,Unboxed Video Games
HP_1800_Tablet_8GB_7,Unboxed Video Games
Justified_The_Complete_Fourth_Season_3_Discs_DVD,Unboxed Video Games
Kanex_MultiSync_Wireless_Keyboard,Unboxed Video Games
Lenovo_Yoga_2_11,Unboxed Video Games
Little_House_on_the_Prairie_Season_Two_5_Discs_Includes_Digital,Unboxed Video Games
Logitech_Ultimate_Ears_Boom_Wireless_Speaker_Night_Black,Unboxed Video Games
Nintendo_2DS_Crimson_Red,Unboxed Video Games
Paper_Mario_Sticker_Star_Nintendo_3DS_Game,Unboxed Video Games
Persona_Q_Shadow_of_the_Labyrinth_Nintendo_3DS,Unboxed Video Games
Pokémon_Omega_Ruby_Alpha_Sapphire_Dual_Pack_Nintendo_3DS,Unboxed Video Games
Pokémon_Yellow_Special_Pikachu_Edition_Nintendo_Game_Boy_Color,Unboxed Video Games
Pokmon_Conquest_Nintendo_DS_Game,Unboxed Video Games
Pokmon_X_Nintendo_3DS_Game,Unboxed Video Games
Pokmon_Y_Nintendo_3DS_Game,Unboxed Video Games
Razer_Abyssus_Ambidextrous_Gaming_Mouse,Unboxed Video Games
Razer_BlackWidow_Stealth_2014_Keyboard_07VFzIVabgh,Unboxed Video Games
Razer_Blackwidow_Tournament_Edition_Keyboard,Unboxed Video Games
Razer_BlackWidow_Ultimate_2014_Mechanical_Gaming_Keyboard,Unboxed Video Games
Razer_Goliathus_Control_Edition_Small_Soft_Gaming_Mouse_Mat,Unboxed Video Games
Razer_Kraken_Pro_headset_Full_size_Black,Unboxed Video Games
Razer_Naga_MMO_Gaming_Mouse,Unboxed Video Games
Razer_Taipan_Black_Ambidextrous_Gaming_Mouse,Unboxed Video Games
Razer_Taipan_White_Ambidextrous_Gaming_Mouse,Unboxed Video Games
RedBlack_Nintendo_3DSXL,Unboxed Video Games
Seagate_1TB_Backup_Plus_portable_drive_Blue,Unboxed Video Games
Seagate_1TB_Backup_Plus_portable_drive_for_Mac,Unboxed Video Games
Seagate_1TB_Backup_Plus_portable_drive_Silver,Unboxed Video Games
Seagate_1TB_Wireless_Plus_mobile_device_storage,Unboxed Video Games
Seagate_3TB_Central_shared_storage,Unboxed Video Games
Seagate_Archive_HDD_8_TB_Internal_hard_drive_SATA_6Gbs_35_ST8000AS0002,Unboxed Video Games
Star_Wars_Rogue_Squadron_Nintendo_64,Unboxed Video Games
Super_Mario_3D_World_Deluxe_Set,Unboxed Video Games
Super_Mario_3D_World_Deluxe_Set_yThuvW9vZed,Unboxed Video Games
Super_Mario_3D_World_Wii_U_Game,Unboxed Video Games
Super_Mario_Kart_Super_Nintendo_Entertainment_System,Unboxed Video Games
Travel_Mate_P_series_Notebook,Unboxed Video Games
Ubisoft_RockSmith_Real_Tone_Cable_Xbox_360,Unboxed Video Games
30_CONSTRUCTION_SET,Many Items Toys and Games
50_BLOCKS,Many Items Toys and Games
ALPHABET_AZ_GRADIENT,Many Items Toys and Games
ALPHABET_AZ_GRADIENT_WQb1ufEycSj,Many Items Toys and Games
ASSORTED_VEGETABLE_SET,Many Items Toys and Games
Avengers_Gamma_Green_Smash_Fists,Many Items Toys and Games
Baby_Elements_Stacking_Cups,Many Items Toys and Games
BAGEL_WITH_CHEESE,Many Items Toys and Games
BAKING_UTENSILS,Many Items Toys and Games
BATHROOM_FURNITURE_SET_1,Many Items Toys and Games
BEDROOM_CLASSIC,Many Items Toys and Games
BEDROOM_NEO,Many Items Toys and Games
BRAILLE_ALPHABET_AZ,Many Items Toys and Games
BREAKFAST_MENU,Many Items Toys and Games
BUILD_A_ROBOT,Many Items Toys and Games
BUILD_A_ZOO,Many Items Toys and Games
CASTLE_BLOCKS,Many Items Toys and Games
CARSII,Many Items Toys and Games
CHILDREN_BEDROOM_CLASSIC,Many Items Toys and Games
CHILDRENS_ROOM_NEO,Many Items Toys and Games
CITY_TAXI_POLICE_CAR,Many Items Toys and Games
CONE_SORTING,Many Items Toys and Games
CONE_SORTING_kg5fbARBwts,Many Items Toys and Games
Cootie_Game,Many Items Toys and Games
CREATIVE_BLOCKS_35_MM,Many Items Toys and Games
DINING_ROOM_CLASSIC,Many Items Toys and Games
DINING_ROOM_CLASSIC_UJuxQ0hv5XU,Many Items Toys and Games
DINNING_ROOM_FURNITURE_SET_1,Many Items Toys and Games
FAIRY_TALE_BLOCKS,Many Items Toys and Games
FARM_ANIMAL,Many Items Toys and Games
FISHING_GAME,Many Items Toys and Games
FOOD_BEVERAGE_SET,Many Items Toys and Games
FRACTION_FUN_n4h4qte23QR,Many Items Toys and Games
Frozen_Olafs_In_Trouble_PopOMatic_Game_OEu83W9T8pD,Many Items Toys and Games
FRUIT_VEGGIE_DOMINO_GRADIENT,Many Items Toys and Games
FRUIT_VEGGIE_MEMO_GRADIENT,Many Items Toys and Games
GEARS_PUZZLES_STANDARD_gcYxhNHhKlI,Many Items Toys and Games
GEOMETRIC_PEG_BOARD,Many Items Toys and Games
GEOMETRIC_SORTING_BOARD,Many Items Toys and Games
GEOMETRIC_SORTING_BOARD_MNi4Rbuz9vj,Many Items Toys and Games
HAMMER_BALL,Many Items Toys and Games
HAMMER_PEG,Many Items Toys and Games
HAPPY_ENGINE,Many Items Toys and Games
Hasbro_Dont_Wake_Daddy_Board_Game_NJnjGna4u1a,Many Items Toys and Games
JUICER_SET,Many Items Toys and Games
KID_ROOM_FURNITURE_SET_1,Many Items Toys and Games
KITCHEN_FURNITURE_SET_1,Many Items Toys and Games
KITCHEN_SET_CLASSIC_40HwCHfeG0H,Many Items Toys and Games
LEGO_5887_Dino_Defense_HQ,Many Items Toys and Games
LEGO_Creationary_Game_ZJa163wlWp2,Many Items Toys and Games
LEGO_Duplo_Build_and_Play_Box_4629,Many Items Toys and Games
LEGO_Duplo_Creative_Animals_10573,Many Items Toys and Games
Lego_Friends_Mia,Many Items Toys and Games
LEGO_Bricks_More_Creative_Suitcase,Many Items Toys and Games
MEAT_SET,Many Items Toys and Games
Melissa_Doug_Cart_Turtle_Block,Many Items Toys and Games
Melissa_Doug_Chunky_Puzzle_Vehicles,Many Items Toys and Games
Melissa_Doug_Felt_Food_Pizza_Set,Many Items Toys and Games
Melissa_Doug_Jumbo_Knob_Puzzles_Barnyard_Animals,Many Items Toys and Games
Melissa_Doug_Pattern_Blocks_and_Boards,Many Items Toys and Games
MIRACLE_POUNDING,Many Items Toys and Games
Melissa_Doug_Shape_Sorting_Clock,Many Items Toys and Games
Melissa_Doug_Traffic_Signs_and_Vehicles,Many Items Toys and Games
MONKEY_BOWLING,Many Items Toys and Games
MOVING_MOUSE_PW_6PCSSET,Many Items Toys and Games
MOSAIC,Many Items Toys and Games
My_First_Animal_Tower,Many Items Toys and Games
MY_MOOD_MEMO,Many Items Toys and Games
Nickelodeon_The_Spongebob_Movie_PopAPart_Spongebob,Many Items Toys and Games
NUTS_BOLTS,Many Items Toys and Games
Object,Many Items Toys and Games
OVAL_XYLOPHONE,Many Items Toys and Games
PARENT_ROOM_FURNITURE_SET_1,Many Items Toys and Games
PARENT_ROOM_FURNITURE_SET_1_DLKEy8H4mwK,Many Items Toys and Games
PETS_ACCESSORIES,Many Items Toys and Games
Progressive_Rubber_Spatulas_3_count,Many Items Toys and Games
ProSport_Harness_to_Booster_Seat,Many Items Toys and Games
PUNCH_DROP,Many Items Toys and Games
PUNCH_DROP_TjicLPMqLvz,Many Items Toys and Games
RESCUE_CREW,Many Items Toys and Games
ROAD_CONSTRUCTION_SET,Many Items Toys and Games
SANDWICH_MEAL,Many Items Toys and Games
SHAPE_MATCHING,Many Items Toys and Games
SHAPE_MATCHING_NxacpAY9jDt,Many Items Toys and Games
SHAPE_SORTER,Many Items Toys and Games
SORTING_BUS,Many Items Toys and Games
SORTING_TRAIN,Many Items Toys and Games
Squirt_Strain_Fruit_Basket,Many Items Toys and Games
STACKING_BEAR,Many Items Toys and Games
STACKING_BEAR_V04KKgGBn2A,Many Items Toys and Games
STACKING_RING,Many Items Toys and Games
STEAK_SET,Many Items Toys and Games
Superman_Battle_of_Smallville,Many Items Toys and Games
TABLEWARE_SET,Many Items Toys and Games
TABLEWARE_SET_5CHkPjjxVpp,Many Items Toys and Games
TABLEWARE_SET_5ww1UFLuCJG,Many Items Toys and Games
TEA_SET,Many Items Toys and Games
TOOL_BELT,Many Items Toys and Games
TOWER_TUMBLING,Many Items Toys and Games
TWISTED_PUZZLE,Many Items Toys and Games
TWISTED_PUZZLE_twb4AyFtu8Q,Many Items Toys and Games
TWIST_SHAPE,Many Items Toys and Games
VEGETABLE_GARDEN,Many Items Toys and Games
Vtech_Cruise_Learn_Car_25_Years,Many Items Toys and Games
Wooden_ABC_123_Blocks_50_pack,Many Items Toys and Games
Vtech_Roll_Learn_Turtle,Many Items Toys and Games
Vtech_Stack_Sing_Rings_636_Months,Many Items Toys and Games
WATER_LANDING_NET,Many Items Toys and Games
Squirtin_Barnyard_Friends_4pk,Many Items Toys and Games
2_of_Jenga_Classic_Game,Single Item Toys and Games
60_CONSTRUCTION_SET,Single Item Toys and Games
BALANCING_CACTUS,Single Item Toys and Games
BIRD_RATTLE,Single Item Toys and Games
BUNNY_RATTLE,Single Item Toys and Games
CHICKEN_NESTING,Single Item Toys and Games
CHICKEN_RACER,Single Item Toys and Games
DANCING_ALLIGATOR_zoWBjc0jbTs,Single Item Toys and Games
Fruity_Friends,Single Item Toys and Games
Granimals_20_Wooden_ABC_Blocks_Wagon_85VdSftGsLi,Single Item Toys and Games
JUNGLE_HEIGHT,Single Item Toys and Games
LACING_SHEEP,Single Item Toys and Games
LADYBUG_BEAD,Single Item Toys and Games
Melissa_Doug_Pound_and_Roll,Single Item Toys and Games
My_First_Rolling_Lion,Single Item Toys and Games
My_First_Wiggle_Crocodile,Single Item Toys and Games
Object_REmvBDJStub,Single Item Toys and Games
Ortho_Forward_Facing_CkAW6rL25xH,Single Item Toys and Games
OWL_SORTER,Single Item Toys and Games
PEEKABOO_ROLLER,Single Item Toys and Games
PINEAPPLE_MARACA_6_PCSSET,Single Item Toys and Games
POUNDING_MUSHROOMS,Single Item Toys and Games
Simon_Swipe_Game,Single Item Toys and Games
SNAIL_MEASURING_TAPE,Single Item Toys and Games
Thomas_Friends_Wooden_Railway_Ascending_Track_Riser_Pack,Single Item Toys and Games
Thomas_Friends_Wooden_Railway_Deluxe_Track_Accessory_Pack,Single Item Toys and Games
Toys_R_Us_Treat_Dispenser_Smart_Puzzle_Foobler,Single Item Toys and Games
Air_Hogs_Wind_Flyers_Set_Airplane_Red,Toy Vehicles
BABY_CAR,Toy Vehicles
BUNNY_RACER,Toy Vehicles
CAR_CARRIER_TRAIN,Toy Vehicles
COAST_GUARD_BOAT,Toy Vehicles
FIRE_ENGINE,Toy Vehicles
FIRE_TRUCK,Toy Vehicles
HELICOPTER,Toy Vehicles
Lalaloopsy_Peanut_Big_Top_Tricycle,Toy Vehicles
MINI_EXCAVATOR,Toy Vehicles
MINI_FIRE_ENGINE,Toy Vehicles
MINI_ROLLER,Toy Vehicles
SCHOOL_BUS,Toy Vehicles
Sonny_School_Bus,Toy Vehicles
SPEED_BOAT,Toy Vehicles
Thomas_Friends_Woodan_Railway_Henry,Toy Vehicles
Thomas_Friends_Wooden_Railway_Porter_5JzRhMm3a9o,Toy Vehicles
Thomas_Friends_Wooden_Railway_Talking_Thomas_z7yi7UFHJRj,Toy Vehicles
TURBOPROP_AIRPLANE_WITH_PILOT,Toy Vehicles
3D_Dollhouse_Happy_Brother,Action Figures & Animal Models
Android_Figure_Chrome,Action Figures & Animal Models
Android_Figure_Orange,Action Figures & Animal Models
Android_Figure_Panda,Action Figures & Animal Models
Android_Lego,Action Figures & Animal Models
Animal_Planet_Foam_2Headed_Dragon,Action Figures & Animal Models
Breyer_Horse_Of_The_Year_2015,Action Figures & Animal Models
Circo_Fish_Toothbrush_Holder_14995988,Action Figures & Animal Models
Dino_3,Action Figures & Animal Models
Dino_4,Action Figures & Animal Models
Dino_5,Action Figures & Animal Models
Dog,Action Figures & Animal Models
DOLL_FAMILY,Action Figures & Animal Models
Elephant,Action Figures & Animal Models
Fisher_price_Classic_Toys_Buzzy_Bee,Action Figures & Animal Models
GRANDFATHER_DOLL,Action Figures & Animal Models
GRANDMOTHER,Action Figures & Animal Models
Great_Dinos_Triceratops_Toy,Action Figures & Animal Models
Guardians_of_the_Galaxy_Galactic_Battlers_Rocket_Raccoon_Figure,Action Figures & Animal Models
Imaginext_Castle_Ogre,Action Figures & Animal Models
Lovable_Huggable_Cuddly_Boutique_Teddy_Bear_Beige,Action Figures & Animal Models
Marvel_Avengers_Titan_Hero_Series_Doctor_Doom,Action Figures & Animal Models
MODERN_DOLL_FAMILY,Action Figures & Animal Models
My_Little_Pony_Princess_Celestia,Action Figures & Animal Models
Nickelodeon_Teenage_Mutant_Ninja_Turtles_Leonardo,Action Figures & Animal Models
Nickelodeon_Teenage_Mutant_Ninja_Turtles_Michelangelo,Action Figures & Animal Models
Nickelodeon_Teenage_Mutant_Ninja_Turtles_Raphael,Action Figures & Animal Models
Nintendo_Mario_Action_Figure,Action Figures & Animal Models
Nintendo_Yoshi_Action_Figure,Action Figures & Animal Models
Ortho_Forward_Facing,Action Figures & Animal Models
Ortho_Forward_Facing_3Q6J2oKJD92,Action Figures & Animal Models
Ortho_Forward_Facing_QCaor9ImJ2G,Action Figures & Animal Models
Playmates_Industrial_CoSplinter_Teenage_Mutant_Ninja_Turtle_Action_Figure,Action Figures & Animal Models
Playmates_nickelodeon_teenage_mutant_ninja_turtles_shredder,Action Figures & Animal Models
Racoon,Action Figures & Animal Models
Schleich_African_Black_Rhino,Action Figures & Animal Models
Schleich_Allosaurus,Action Figures & Animal Models
Schleich_Bald_Eagle,Action Figures & Animal Models
Schleich_Hereford_Bull,Action Figures & Animal Models
Schleich_Lion_Action_Figure,Action Figures & Animal Models
Schleich_S_Bayala_Unicorn_70432,Action Figures & Animal Models
Schleich_Spinosaurus_Action_Figure,Action Figures & Animal Models
Schleich_Therizinosaurus_ln9cruulPqc,Action Figures & Animal Models
Shark,Action Figures & Animal Models
SIT_N_WALK_PUPPY,Action Figures & Animal Models
Sootheze_Cold_Therapy_Elephant,Action Figures & Animal Models
Sootheze_Toasty_Orca,Action Figures & Animal Models
SpiderMan_Titan_Hero_12Inch_Action_Figure_5Hnn4mtkFsP,Action Figures & Animal Models
SpiderMan_Titan_Hero_12Inch_Action_Figure_oo1qph4wwiW,Action Figures & Animal Models
Squirrel,Action Figures & Animal Models
Teenage_Mutant_Ninja_Turtles_Rahzar_Action_Figure,Action Figures & Animal Models
Toysmith_Windem_Up_Flippin_Animals_Dog,Action Figures & Animal Models
Transformers_Age_of_Extinction_Mega_1Step_Bumblebee_Figure,Action Figures & Animal Models
Transformers_Age_of_Extinction_Stomp_and_Chomp_Grimlock_Figure,Action Figures & Animal Models
Weisshai_Great_White_Shark,Action Figures & Animal Models
WHALE_WHISTLE_6PCS_SET,Action Figures & Animal Models
3D_Dollhouse_Lamp,Miniature Dollhouse Furniture
3D_Dollhouse_Refrigerator,Miniature Dollhouse Furniture
3D_Dollhouse_Sink,Miniature Dollhouse Furniture
3D_Dollhouse_Sofa,Miniature Dollhouse Furniture
3D_Dollhouse_Swing,Miniature Dollhouse Furniture
3D_Dollhouse_TablePurple,Miniature Dollhouse Furniture
Avengers_Thor_PLlrpYniaeB,Miniature Dollhouse Furniture
GARDEN_SWING,Miniature Dollhouse Furniture
Kong_Puppy_Teething_Rubber_Small_Pink,Miniature Dollhouse Furniture
Big_Dot_Aqua_Pencil_Case,"Bags, Backpacks & Pencil Cases"
Big_Dot_Pink_Pencil_Case,"Bags, Backpacks & Pencil Cases"
Closetmaid_Premium_Fabric_Cube_Red,"Bags, Backpacks & Pencil Cases"
Curver_Storage_Bin_Black_Small,"Bags, Backpacks & Pencil Cases"
Design_Ideas_Drawer_Store_Organizer,"Bags, Backpacks & Pencil Cases"
Digital_Camo_Double_Decker_Lunch_Bag,"Bags, Backpacks & Pencil Cases"
Embark_Lunch_Cooler_Blue,"Bags, Backpacks & Pencil Cases"
Horse_Dreams_Pencil_Case,"Bags, Backpacks & Pencil Cases"
Horses_in_Pink_Pencil_Case,"Bags, Backpacks & Pencil Cases"
Jansport_School_Backpack_Blue_Streak,"Bags, Backpacks & Pencil Cases"
Markings_Desk_Caddy,"Bags, Backpacks & Pencil Cases"
Markings_Letter_Holder,"Bags, Backpacks & Pencil Cases"
Olive_Kids_Birdie_Lunch_Box,"Bags, Backpacks & Pencil Cases"
Olive_Kids_Birdie_Munch_n_Lunch,"Bags, Backpacks & Pencil Cases"
Olive_Kids_Birdie_Pack_n_Snack,"Bags, Backpacks & Pencil Cases"
Olive_Kids_Birdie_Sidekick_Backpack,"Bags, Backpacks & Pencil Cases"
Olive_Kids_Butterfly_Garden_Munch_n_Lunch_Bag,"Bags, Backpacks & Pencil Cases"
Olive_Kids_Butterfly_Garden_Pencil_Case,"Bags, Backpacks & Pencil Cases"
Olive_Kids_Dinosaur_Land_Lunch_Box,"Bags, Backpacks & Pencil Cases"
Olive_Kids_Dinosaur_Land_Munch_n_Lunch,"Bags, Backpacks & Pencil Cases"
Olive_Kids_Dinosaur_Land_Pack_n_Snack,"Bags, Backpacks & Pencil Cases"
Olive_Kids_Dinosaur_Land_Sidekick_Backpack,"Bags, Backpacks & Pencil Cases"
Olive_Kids_Game_On_Lunch_Box,"Bags, Backpacks & Pencil Cases"
Olive_Kids_Game_On_Munch_n_Lunch,"Bags, Backpacks & Pencil Cases"
Olive_Kids_Game_On_Pack_n_Snack,"Bags, Backpacks & Pencil Cases"
Olive_Kids_Mermaids_Pack_n_Snack_Backpack,"Bags, Backpacks & Pencil Cases"
Olive_Kids_Paisley_Pencil_Case,"Bags, Backpacks & Pencil Cases"
Olive_Kids_Robots_Pencil_Case,"Bags, Backpacks & Pencil Cases"
Olive_Kids_Trains_Planes_Trucks_Bogo_Backpack,"Bags, Backpacks & Pencil Cases"
Olive_Kids_Trains_Planes_Trucks_Munch_n_Lunch_Bag,"Bags, Backpacks & Pencil Cases"
Paul_Frank_Dot_Lunch_Box,"Bags, Backpacks & Pencil Cases"
Pinwheel_Pencil_Case,"Bags, Backpacks & Pencil Cases"
RJ_Rabbit_Easter_Basket_Blue,"Bags, Backpacks & Pencil Cases"
Room_Essentials_Fabric_Cube_Lavender,"Bags, Backpacks & Pencil Cases"
Smith_Hawken_Woven_BasketTray_Organizer_with_3_Compartments_95_x_9_x_13,"Bags, Backpacks & Pencil Cases"
Spritz_Easter_Basket_Plastic_Teal,"Bags, Backpacks & Pencil Cases"
Sterilite_Caddy_Blue_Sky_17_58_x_12_58_x_9_14,"Bags, Backpacks & Pencil Cases"
Target_Basket_Medium,"Bags, Backpacks & Pencil Cases"
Threshold_Basket_Natural_Finish_Fabric_Liner_Small,"Bags, Backpacks & Pencil Cases"
US_Army_Stash_Lunch_Bag,"Bags, Backpacks & Pencil Cases"
Wishbone_Pencil_Case,"Bags, Backpacks & Pencil Cases"
Clorox_Premium_Choice_Gloves_SM_1_pair,"Textiles (Towels, Linens, Mats, Scarfs, Mitterns)"
Cole_Hardware_Dishtowel_Blue,"Textiles (Towels, Linens, Mats, Scarfs, Mitterns)"
Cole_Hardware_Dishtowel_BlueWhite,"Textiles (Towels, Linens, Mats, Scarfs, Mitterns)"
Cole_Hardware_Dishtowel_Multicolors,"Textiles (Towels, Linens, Mats, Scarfs, Mitterns)"
Cole_Hardware_Dishtowel_Red,"Textiles (Towels, Linens, Mats, Scarfs, Mitterns)"
Cole_Hardware_Dishtowel_Stripe,"Textiles (Towels, Linens, Mats, Scarfs, Mitterns)"
DPC_Handmade_Hat_Brown,"Textiles (Towels, Linens, Mats, Scarfs, Mitterns)"
DPC_Thinsulate_Isolate_Gloves_Brown,"Textiles (Towels, Linens, Mats, Scarfs, Mitterns)"
DPC_tropical_Trends_Hat,"Textiles (Towels, Linens, Mats, Scarfs, Mitterns)"
Envision_Home_Dish_Drying_Mat_Red_6_x_18,"Textiles (Towels, Linens, Mats, Scarfs, Mitterns)"
Home_Fashions_Washcloth_Linen,"Textiles (Towels, Linens, Mats, Scarfs, Mitterns)"
Home_Fashions_Washcloth_Olive_Green,"Textiles (Towels, Linens, Mats, Scarfs, Mitterns)"
Now_Designs_Dish_Towel_Mojave_18_x_28,"Textiles (Towels, Linens, Mats, Scarfs, Mitterns)"
Now_Designs_Snack_Bags_Bicycle_2_count,"Textiles (Towels, Linens, Mats, Scarfs, Mitterns)"
Provence_Bath_Towel_Royal_Blue,"Textiles (Towels, Linens, Mats, Scarfs, Mitterns)"
Retail_Leadership_Summit,"Textiles (Towels, Linens, Mats, Scarfs, Mitterns)"
Retail_Leadership_Summit_eCT3zqHYIkX,"Textiles (Towels, Linens, Mats, Scarfs, Mitterns)"
Retail_Leadership_Summit_tQFCizMt6g0,"Textiles (Towels, Linens, Mats, Scarfs, Mitterns)"
Rexy_Glove_Heavy_Duty_Gloves_Medium,"Textiles (Towels, Linens, Mats, Scarfs, Mitterns)"
Rexy_Glove_Heavy_Duty_Large,"Textiles (Towels, Linens, Mats, Scarfs, Mitterns)"
Room_Essentials_Kitchen_Towels_16_x_26_2_count,"Textiles (Towels, Linens, Mats, Scarfs, Mitterns)"
Tag_Dishtowel_18_x_26,"Textiles (Towels, Linens, Mats, Scarfs, Mitterns)"
Tag_Dishtowel_Basket_Weave_Red_18_x_26,"Textiles (Towels, Linens, Mats, Scarfs, Mitterns)"
Tag_Dishtowel_Dobby_Stripe_Blue_18_x_26,"Textiles (Towels, Linens, Mats, Scarfs, Mitterns)"
Tag_Dishtowel_Green,"Textiles (Towels, Linens, Mats, Scarfs, Mitterns)"
Tag_Dishtowel_Waffle_Gray_Checks_18_x_26,"Textiles (Towels, Linens, Mats, Scarfs, Mitterns)"
Threshold_Hand_Towel_Blue_Medallion_16_x_27,"Textiles (Towels, Linens, Mats, Scarfs, Mitterns)"
Threshold_Performance_Bath_Sheet_Sandoval_Blue_33_x_63,"Textiles (Towels, Linens, Mats, Scarfs, Mitterns)"
Threshold_Textured_Damask_Bath_Towel_Pink,"Textiles (Towels, Linens, Mats, Scarfs, Mitterns)"
Sushi_Mat,"Textiles (Towels, Linens, Mats, Scarfs, Mitterns)"
Aroma_Stainless_Steel_Milk_Frother_2_Cup,Kitchen Utensils & Gadgets
Black_and_Decker_TR3500SD_2Slice_Toaster,Kitchen Utensils & Gadgets
Black_Decker_CM2035B_12Cup_Thermal_Coffeemaker,Kitchen Utensils & Gadgets
Black_Decker_Stainless_Steel_Toaster_4_Slice,Kitchen Utensils & Gadgets
Cole_Hardware_Mini_Honey_Dipper,Kitchen Utensils & Gadgets
Focus_8643_Lime_Squeezer_10x35x188_Enamelled_Aluminum_Light,Kitchen Utensils & Gadgets
Full_Circle_Happy_Scraps_Out_Collector_Gray,Kitchen Utensils & Gadgets
Granimals_20_Wooden_ABC_Blocks_Wagon,Kitchen Utensils & Gadgets
Granimals_20_Wooden_ABC_Blocks_Wagon_g2TinmUGGHI,Kitchen Utensils & Gadgets
Hefty_Waste_Basket_Decorative_Bronze_85_liter,Kitchen Utensils & Gadgets
JA_Henckels_International_Premio_Cutlery_Block_Set_14Piece,Kitchen Utensils & Gadgets
Nescafe_Tasters_Choice_Instant_Coffee_Decaf_House_Blend_Light_7_oz,Kitchen Utensils & Gadgets
Nestle_Nesquik_Chocolate_Powder_Flavored_Milk_Additive_109_Oz_Canister,Kitchen Utensils & Gadgets
OXO_Cookie_Spatula,Kitchen Utensils & Gadgets
OXO_Soft_Works_Can_Opener_SnapLock,Kitchen Utensils & Gadgets
Room_Essentials_Dish_Drainer_Collapsible_White,Kitchen Utensils & Gadgets
Rubbermaid_Large_Drainer,Kitchen Utensils & Gadgets
The_Scooper_Hooper,Kitchen Utensils & Gadgets
Threshold_Bamboo_Ceramic_Soap_Dish,Kitchen Utensils & Gadgets
TriStar_Products_PPC_Power_Pressure_Cooker_XL_in_Black,Kitchen Utensils & Gadgets
Weston_No_22_Cajun_Jerky_Tonic_12_fl_oz_nLj64ZnGwDh,Kitchen Utensils & Gadgets
Weston_No_33_Signature_Sausage_Tonic_12_fl_oz,Kitchen Utensils & Gadgets
Wilton_Pearlized_Sugar_Sprinkles_525_oz_Gold,Kitchen Utensils & Gadgets
Calphalon_Kitchen_Essentials_12_Cast_Iron_Fry_Pan_Black,Cookware & Bakeware
Chefmate_8_Frypan,Cookware & Bakeware
Chef_Style_Round_Cake_Pan_9_inch_pan,Cookware & Bakeware
Cole_Hardware_Butter_Dish_Square_Red,Cookware & Bakeware
Corningware_CW_by_Corningware_3qt_Oblong_Casserole_Dish_Blue,Cookware & Bakeware
Nordic_Ware_Original_Bundt_Pan,Cookware & Bakeware
3M_Antislip_Surfacing_Light_Duty_White,"Hardware, Tools & Misc"
3M_Vinyl_Tape_Green_1_x_36_yd,"Hardware, Tools & Misc"
Arm_Hammer_Diaper_Pail_Refills_12_Pack_MFWkmoweejt,"Hardware, Tools & Misc"
Cole_Hardware_Antislip_Surfacing_Material_White,"Hardware, Tools & Misc"
Cole_Hardware_Antislip_Surfacing_White_2_x_60,"Hardware, Tools & Misc"
Cole_Hardware_Hammer_Black,"Hardware, Tools & Misc"
Cole_Hardware_School_Bell_Solid_Brass_38,"Hardware, Tools & Misc"
Craftsman_Grip_Screwdriver_Phillips_Cushion,"Hardware, Tools & Misc"
Diamond_Visions_Scissors_Red,"Hardware, Tools & Misc"
Fujifilm_instax_SHARE_SP1_10_photos,"Hardware, Tools & Misc"
GoPro_HERO3_Composite_Cable,"Hardware, Tools & Misc"
HeavyDuty_Flashlight,"Hardware, Tools & Misc"
In_Green_Company_Surface_Saver_Ring_10_Terra_Cotta,"Hardware, Tools & Misc"
InterDesign_Over_Door,"Hardware, Tools & Misc"
INTERNATIONAL_PAPER_Willamette_4_Brown_Bag_500Count,"Hardware, Tools & Misc"
Jawbone_UP24_Wireless_Activity_Tracker_Pink_Coral_L,"Hardware, Tools & Misc"
JBL_Charge_Speaker_portable_wireless_wired_Green,"Hardware, Tools & Misc"
Magnifying_Glassassrt,"Hardware, Tools & Misc"
Ocedar_Snap_On_Dust_Pan_And_Brush_1_ct,"Hardware, Tools & Misc"
Pony_C_Clamp_1440,"Hardware, Tools & Misc"
Poppin_File_Sorter_Blue,"Hardware, Tools & Misc"
Poppin_File_Sorter_Pink,"Hardware, Tools & Misc"
Poppin_File_Sorter_White,"Hardware, Tools & Misc"
Remington_1_12_inch_Hair_Straightener,"Hardware, Tools & Misc"
Remington_TStudio_Hair_Dryer,"Hardware, Tools & Misc"
Remington_TStudio_Silk_Ceramic_Hair_Straightener_2_Inch_Floating_Plates,"Hardware, Tools & Misc"
Shurtape_30_Day_Removal_UV_Delct_15,"Hardware, Tools & Misc"
Shurtape_Gaffers_Tape_Silver_2_x_60_yd,"Hardware, Tools & Misc"
Shurtape_Tape_Purple_CP28,"Hardware, Tools & Misc"
Spectrum_Wall_Mount,"Hardware, Tools & Misc"
Victor_Reversible_Bookend,"Hardware, Tools & Misc"
Big_O_Sponges_Assorted_Cellulose_12_pack,Other
Crosley_Alarm_Clock_Vintage_Metal,Other
HP_1800_Tablet_8GB_7,Other
Kingston_DT4000MR_G2_Management_Ready_USB_64GB,Other
Nestle_Candy_19_oz_Butterfinger_Singles_116567,Other
Nikon_1_AW1_w11275mm_Lens_Silver,Other
Orbit_Bubblemint_Mini_Bottle_6_ct,Other
Poise_Ultimate_Pads_Long,Other
Polar_Herring_Fillets_Smoked_Peppered_705_oz_total,Other
Shaxon_100_Molded_Category_6_RJ45RJ45_Shielded_Patch_Cord_White,Other
Tena_Pads_Heavy_Long_42_pads,Other
Wilton_Easy_Layers_Cake_Pan_Set,Other
